Workbook

Sheet Nákupní seznam
A1: Množství recepty | B1: Kontrola | C1: Množství špajz | D1: Množství celkem | E1: Typ | F1: Věc | H1: Need
F2: Cereálie a sladkosti
A3: =SUMIF(Recept!D:D,"="&F3,Recept!F:F) -> 0 | B3: FALSE | D3: =IF((A3-C3+(G3*H3))<=0,0,(A3-C3+(G3*H3))) -> 0 | E3: ks | F3: čokoláda | G3: 1 | H3: FALSE | K3: IFNA(VLOOKUP(F3,Špajz!B:D,3,FALSE),0)
A4: =SUMIF(Recept!D:D,"="&F4,Recept!F:F) -> 0 | B4: FALSE | D4: =IF((A4-C4+(G4*H4))<=0,0,(A4-C4+(G4*H4))) -> 0 | E4: gr | F4: musli | G4: 1 | H4: FALSE
A5: =SUMIF(Recept!D:D,"="&F5,Recept!F:F) -> 0 | B5: FALSE | D5: =IF((A5-C5+(G5*H5))<=0,0,(A5-C5+(G5*H5))) -> 0 | E5: ks | F5: ovesné vločky | G5: 1 | H5: FALSE
A6: =SUMIF(Recept!D:D,"="&F6,Recept!F:F) -> 0 | B6: FALSE | F6: Pečivo | H6: FALSE
A7: =SUMIF(Recept!D:D,"="&F7,Recept!F:F) -> 0 | B7: FALSE | D7: =IF((A7-C7+(G7*H7))<=0,0,(A7-C7+(G7*H7))) -> 0 | E7: ks | F7: strouhanka | G7: 1 | H7: FALSE
A8: =SUMIF(Recept!D:D,"="&F8,Recept!F:F) -> 0 | B8: FALSE | D8: =IF((A8-C8+(G8*H8))<=0,0,(A8-C8+(G8*H8))) -> 0 | E8: ks | F8: Tortilla | G8: 1 | H8: FALSE
A9: =SUMIF(Recept!D:D,"="&F9,Recept!F:F) -> 0 | B9: FALSE | F9: Ovoce & Zelenina | H9: FALSE
A10: =SUMIF(Recept!D:D,"="&F10,Recept!F:F) -> 100 | B10: TRUE | D10: =IF((A10-C10+(G10*H10))<=0,0,(A10-C10+(G10*H10))) -> 100 | E10: gr | F10: baby špenát | G10: 1 | H10: FALSE
A11: =SUMIF(Recept!D:D,"="&F11,Recept!F:F) -> 1 | B11: TRUE | D11: =IF((A11-C11+(G11*H11))<=0,0,(A11-C11+(G11*H11))) -> 1 | E11: ks | F11: banán | G11: 1 | H11: FALSE
A12: =SUMIF(Recept!D:D,"="&F12,Recept!F:F) -> 0 | B12: FALSE | D12: =IF((A12-C12+(G12*H12))<=0,0,(A12-C12+(G12*H12))) -> 0 | E12: gr | F12: brambory | G12: 1 | H12: FALSE
A13: =SUMIF(Recept!D:D,"="&F13,Recept!F:F) -> 0 | B13: FALSE | D13: =IF((A13-C13+(G13*H13))<=0,0,(A13-C13+(G13*H13))) -> 0 | E13: ks | F13: brokolice | G13: 1 | H13: FALSE
A14: =SUMIF(Recept!D:D,"="&F14,Recept!F:F) -> 1 | B14: TRUE | D14: =IF((A14-C14+(G14*H14))<=0,0,(A14-C14+(G14*H14))) -> 1 | E14: ks | F14: broskev | H14: FALSE
A15: =SUMIF(Recept!D:D,"="&F15,Recept!F:F) -> 0.5 | B15: TRUE | D15: =IF((A15-C15+(G15*H15))<=0,0,(A15-C15+(G15*H15))) -> 0.5 | E15: ks | F15: červená cibule | G15: 1 | H15: FALSE
A16: =SUMIF(Recept!D:D,"="&F16,Recept!F:F) -> 0 | B16: TRUE | D16: =IF((A16-C16+(G16*H16))<=0,0,(A16-C16+(G16*H16))) -> 0 | E16: ks | F16: česnek | G16: 1 | H16: FALSE
A17: =SUMIF(Recept!D:D,"="&F17,Recept!F:F) -> 350 | B17: TRUE | D17: =IF((A17-C17+(G17*H17))<=0,0,(A17-C17+(G17*H17))) -> 350 | E17: gr | F17: cherry rajčatka | G17: 1 | H17: FALSE
A18: =SUMIF(Recept!D:D,"="&F18,Recept!F:F) -> 4 | B18: TRUE | D18: =IF((A18-C18+(G18*H18))<=0,0,(A18-C18+(G18*H18))) -> 4 | E18: ks | F18: cibule | G18: 1 | H18: FALSE
A19: =SUMIF(Recept!D:D,"="&F19,Recept!F:F) -> 0 | B19: FALSE | D19: =IF((A19-C19+(G19*H19))<=0,0,(A19-C19+(G19*H19))) -> 0 | E19: ks | F19: citrón | G19: 1 | H19: FALSE
A20: =SUMIF(Recept!D:D,"="&F20,Recept!F:F) -> 0 | B20: FALSE | D20: =IF((A20-C20+(G20*H20))<=0,0,(A20-C20+(G20*H20))) -> 0 | E20: ks | F20: citrón | G20: 1 | H20: FALSE
A21: =SUMIF(Recept!D:D,"="&F21,Recept!F:F) -> 0 | B21: FALSE | D21: =IF((A21-C21+(G21*H21))<=0,0,(A21-C21+(G21*H21))) -> 0 | E21: gr | F21: fazolky | G21: 1 | H21: FALSE
A22: =SUMIF(Recept!D:D,"="&F22,Recept!F:F) -> 0 | B22: FALSE | D22: =IF((A22-C22+(G22*H22))<=0,0,(A22-C22+(G22*H22))) -> 0 | E22: ks | F22: hruška | G22: 1 | H22: FALSE
A23: =SUMIF(Recept!D:D,"="&F23,Recept!F:F) -> 1 | B23: TRUE | D23: =IF((A23-C23+(G23*H23))<=0,0,(A23-C23+(G23*H23))) -> 1 | E23: ks | F23: jablko | G23: 1 | H23: FALSE
A24: =SUMIF(Recept!D:D,"="&F24,Recept!F:F) -> 1.5 | B24: TRUE | D24: =IF((A24-C24+(G24*H24))<=0,0,(A24-C24+(G24*H24))) -> 1.5 | E24: ks | F24: jarní cibulka | G24: 1 | H24: FALSE
A25: =SUMIF(Recept!D:D,"="&F25,Recept!F:F) -> 3 | B25: TRUE | D25: =IF((A25-C25+(G25*H25))<=0,0,(A25-C25+(G25*H25))) -> 3 | E25: ks | F25: mrkev | G25: 1 | H25: FALSE
A26: =SUMIF(Recept!D:D,"="&F26,Recept!F:F) -> 0.5 | B26: TRUE | D26: =IF((A26-C26+(G26*H26))<=0,0,(A26-C26+(G26*H26))) -> 0.5 | E26: ks | F26: okurka | G26: 1 | H26: FALSE
... A37: =SUMIF(Recept!D:D,"="&F37,Recept!F:F) -> 150 | B37: TRUE | D37: =IF((A37-C37+(G37*H37))<=0,0,(A37-C37+(G37*H37))) -> 150 | E37: gr | F37: zelí | G37: 1 | H37: FALSE
A38: =SUMIF(Recept!D:D,"="&F38,Recept!F:F) -> 0 | B38: FALSE | F38: Maso & Uzeniny | H38: FALSE
A39: =SUMIF(Recept!D:D,"="&F39,Recept!F:F) -> 0 | B39: FALSE | D39: =IF((A39-C39+(G39*H39))<=0,0,(A39-C39+(G39*H39))) -> 0 | E39: gr | F39: bůček | G39: 1 | H39: FALSE
A40: =SUMIF(Recept!D:D,"="&F40,Recept!F:F) -> 0 | B40: FALSE | D40: =IF((A40-C40+(G40*H40))<=0,0,(A40-C40+(G40*H40))) -> 0 | E40: gr | F40: hovězí kližka | G40: 1 | H40: FALSE
A41: =SUMIF(Recept!D:D,"="&F41,Recept!F:F) -> 800 | B41: TRUE | D41: =IF((A41-C41+(G41*H41))<=0,0,(A41-C41+(G41*H41))) -> 800 | E41: gr | F41: hovězí steak | G41: 1 | H41: FALSE
A42: =SUMIF(Recept!D:D,"="&F42,Recept!F:F) -> 0 | B42: FALSE | D42: =IF((A42-C42+(G42*H42))<=0,0,(A42-C42+(G42*H42))) -> 0 | E42: gr | F42: klobása | G42: 1 | H42: FALSE
A43: =SUMIF(Recept!D:D,"="&F43,Recept!F:F) -> 0 | B43: FALSE | D43: =IF((A43-C43+(G43*H43))<=0,0,(A43-C43+(G43*H43))) -> 0 | E43: gr | F43: kosti na vývar | G43: 1 | H43: FALSE
A44: =SUMIF(Recept!D:D,"="&F44,Recept!F:F) -> 1 | B44: TRUE | D44: =IF((A44-C44+(G44*H44))<=0,0,(A44-C44+(G44*H44))) -> 1 | E44: ks | F44: kuřecí kosti | G44: 1 | H44: FALSE
A45: =SUMIF(Recept!D:D,"="&F45,Recept!F:F) -> 0 | B45: FALSE | D45: =IF((A45-C45+(G45*H45))<=0,0,(A45-C45+(G45*H45))) -> 0 | E45: gr | F45: kuřecí prsa | G45: 1 | H45: FALSE
A46: =SUMIF(Recept!D:D,"="&F46,Recept!F:F) -> 0 | B46: FALSE | D46: =IF((A46-C46+(G46*H46))<=0,0,(A46-C46+(G46*H46))) -> 0 | E46: gr | F46: losos | G46: 1 | H46: FALSE
A47: =SUMIF(Recept!D:D,"="&F47,Recept!F:F) -> 600 | B47: FALSE | D47: =IF((A47-C47+(G47*H47))<=0,0,(A47-C47+(G47*H47))) -> 600 | E47: gr | F47: mleté maso | G47: 1 | H47: FALSE
A48: =SUMIF(Recept!D:D,"="&F48,Recept!F:F) -> 0 | B48: TRUE | D48: =IF((A48-C48+(G48*H48))<=0,0,(A48-C48+(G48*H48))) -> 0 | E48: gr | F48: salám | G48: 1 | H48: FALSE
A49: =SUMIF(Recept!D:D,"="&F49,Recept!F:F) -> 0 | B49: FALSE | D49: =IF((A49-C49+(G49*H49))<=0,0,(A49-C49+(G49*H49))) -> 0 | E49: gr | F49: slanina | G49: 1 | H49: FALSE
A50: =SUMIF(Recept!D:D,"="&F50,Recept!F:F) -> 0 | B50: FALSE | D50: =IF((A50-C50+(G50*H50))<=0,0,(A50-C50+(G50*H50))) -> 0 | E50: gr | F50: steak | G50: 1 | H50: FALSE
... A55: =SUMIF(Recept!D:D,"="&F55,Recept!F:F) -> 0 | B55: FALSE | D55: =IF((A55-C55+(G55*H55))<=0,0,(A55-C55+(G55*H55))) -> 0 | E55: gr | F55: vepřový bok | G55: 1 | H55: FALSE
A56: =SUMIF(Recept!D:D,"="&F56,Recept!F:F) -> 0 | B56: FALSE | F56: Chlazené potraviny | H56: FALSE
A57: =SUMIF(Recept!D:D,"="&F57,Recept!F:F) -> 1 | B57: TRUE | D57: =IF((A57-C57+(G57*H57))<=0,0,(A57-C57+(G57*H57))) -> 1 | E57: ks | F57: jogurty | G57: 1 | H57: FALSE
A58: =SUMIF(Recept!D:D,"="&F58,Recept!F:F) -> 50 | B58: TRUE | D58: =IF((A58-C58+(G58*H58))<=0,0,(A58-C58+(G58*H58))) -> 50 | E58: gr | F58: cheddar | G58: 1 | H58: FALSE
A59: =SUMIF(Recept!D:D,"="&F59,Recept!F:F) -> 0 | B59: FALSE | D59: =IF((A59-C59+(G59*H59))<=0,0,(A59-C59+(G59*H59))) -> 0 | E59: ks | F59: dressink | G59: 1 | H59: FALSE
A60: =SUMIF(Recept!D:D,"="&F60,Recept!F:F) -> 0 | B60: FALSE | D60: =IF((A60-C60+(G60*H60))<=0,0,(A60-C60+(G60*H60))) -> 0 | E60: gr | F60: eidam plátkový | G60: 1 | H60: FALSE
A61: =SUMIF(Recept!D:D,"="&F61,Recept!F:F) -> 0 | B61: TRUE | D61: =IF((A61-C61+(G61*H61))<=0,0,(A61-C61+(G61*H61))) -> 0 | E61: gr | F61: eidam v celku | G61: 1 | H61: FALSE
A62: =SUMIF(Recept!D:D,"="&F62,Recept!F:F) -> 1 | B62: TRUE | D62: =IF((A62-C62+(G62*H62))<=0,0,(A62-C62+(G62*H62))) -> 1 | E62: gr | F62: hranolky | G62: 1 | H62: FALSE
A63: =SUMIF(Recept!D:D,"="&F63,Recept!F:F) -> 0 | B63: FALSE | D63: =IF((A63-C63+(G63*H63))<=0,0,(A63-C63+(G63*H63))) -> 0 | E63: gr | F63: listové těsto | G63: 1 | H63: FALSE
A64: =SUMIF(Recept!D:D,"="&F64,Recept!F:F) -> 0 | B64: FALSE | D64: =IF((A64-C64+(G64*H64))<=0,0,(A64-C64+(G64*H64))) -> 0 | E64: gr | F64: majonéza | G64: 1 | H64: FALSE
A65: =SUMIF(Recept!D:D,"="&F65,Recept!F:F) -> 0 | B65: FALSE | D65: =IF((A65-C65+(G65*H65))<=0,0,(A65-C65+(G65*H65))) -> 0 | E65: ks | F65: máslo | G65: 1 | H65: FALSE
A66: =SUMIF(Recept!D:D,"="&F66,Recept!F:F) -> 200 | B66: TRUE | D66: =IF((A66-C66+(G66*H66))<=0,0,(A66-C66+(G66*H66))) -> 200 | E66: ml | F66: mléko | G66: 1 | H66: FALSE
A67: =SUMIF(Recept!D:D,"="&F67,Recept!F:F) -> 50 | B67: TRUE | D67: =IF((A67-C67+(G67*H67))<=0,0,(A67-C67+(G67*H67))) -> 50 | E67: gr | F67: mozzarela | G67: 1 | H67: FALSE
A68: =SUMIF(Recept!D:D,"="&F68,Recept!F:F) -> 0 | B68: FALSE | D68: =IF((A68-C68+(G68*H68))<=0,0,(A68-C68+(G68*H68))) -> 0 | E68: ks | F68: mražená pizza | G68: 1 | H68: FALSE
... A77: =SUMIF(Recept!D:D,"="&F77,Recept!F:F) -> 8 | B77: TRUE | D77: =IF((A77-C77+(G77*H77))<=0,0,(A77-C77+(G77*H77))) -> 8 | E77: ks | F77: vejce | G77: 1 | H77: FALSE
A78: =SUMIF(Recept!D:D,"="&F78,Recept!F:F) -> 0 | B78: FALSE | F78: Konzervované potraviny | H78: FALSE
A79: =SUMIF(Recept!D:D,"="&F79,Recept!F:F) -> 0 | B79: FALSE | D79: =IF((A79-C79+(G79*H79))<=0,0,(A79-C79+(G79*H79))) -> 0 | E79: gr | F79: červená řepa | G79: 1 | H79: FALSE
A80: =SUMIF(Recept!D:D,"="&F80,Recept!F:F) -> 2 | B80: TRUE | D80: =IF((A80-C80+(G80*H80))<=0,0,(A80-C80+(G80*H80))) -> 2 | E80: ks | F80: fazole v konzervě | G80: 1 | H80: FALSE
A81: =SUMIF(Recept!D:D,"="&F81,Recept!F:F) -> 65 | B81: TRUE | D81: =IF((A81-C81+(G81*H81))<=0,0,(A81-C81+(G81*H81))) -> 65 | E81: gr | F81: Hrášek v konzervě | G81: 1 | H81: FALSE
A82: =SUMIF(Recept!D:D,"="&F82,Recept!F:F) -> 0 | B82: FALSE | D82: =IF((A82-C82+(G82*H82))<=0,0,(A82-C82+(G82*H82))) -> 0 | E82: gr | F82: kyselé zelí bílé | G82: 1 | H82: FALSE
A83: =SUMIF(Recept!D:D,"="&F83,Recept!F:F) -> 30 | B83: TRUE | D83: =IF((A83-C83+(G83*H83))<=0,0,(A83-C83+(G83*H83))) -> 30 | E83: gr | F83: olivy | G83: 1 | H83: FALSE
A84: =SUMIF(Recept!D:D,"="&F84,Recept!F:F) -> 2 | B84: TRUE | D84: =IF((A84-C84+(G84*H84))<=0,0,(A84-C84+(G84*H84))) -> 2 | E84: ks | F84: rajčata v konzervě | G84: 1 | H84: FALSE
A85: =SUMIF(Recept!D:D,"="&F85,Recept!F:F) -> 0 | B85: FALSE | D85: =IF((A85-C85+(G85*H85))<=0,0,(A85-C85+(G85*H85))) -> 0 | E85: ks | F85: sardinky | G85: 1 | H85: FALSE
A86: =SUMIF(Recept!D:D,"="&F86,Recept!F:F) -> 0 | B86: FALSE | D86: =IF((A86-C86+(G86*H86))<=0,0,(A86-C86+(G86*H86))) -> 0 | E86: ks | F86: tuňák v konzervě | G86: 1 | H86: FALSE
A87: =SUMIF(Recept!D:D,"="&F87,Recept!F:F) -> 0 | B87: FALSE | F87: Exotické potraviny | H87: FALSE
A88: =SUMIF(Recept!D:D,"="&F88,Recept!F:F) -> 100 | B88: TRUE | D88: =IF((A88-C88+(G88*H88))<=0,0,(A88-C88+(G88*H88))) -> 100 | E88: ks | F88: bonito flakes | G88: 1 | H88: FALSE
A89: =SUMIF(Recept!D:D,"="&F89,Recept!F:F) -> 10 | B89: TRUE | D89: =IF((A89-C89+(G89*H89))<=0,0,(A89-C89+(G89*H89))) -> 10 | E89: gr | F89: chia semínka | H89: FALSE
A90: =SUMIF(Recept!D:D,"="&F90,Recept!F:F) -> 0 | B90: FALSE | D90: =IF((A90-C90+(G90*H90))<=0,0,(A90-C90+(G90*H90))) -> 0 | E90: gr | F90: dýňová semínka | G90: 1 | H90: FALSE
A91: =SUMIF(Recept!D:D,"="&F91,Recept!F:F) -> 100 | B91: TRUE | D91: =IF((A91-C91+(G91*H91))<=0,0,(A91-C91+(G91*H91))) -> 100 | E91: gr | F91: houby shitake | G91: 1 | H91: FALSE
A92: =SUMIF(Recept!D:D,"="&F92,Recept!F:F) -> 0 | B92: FALSE | D92: =IF((A92-C92+(G92*H92))<=0,0,(A92-C92+(G92*H92))) -> 0 | E92: gr | F92: mandle | G92: 1 | H92: FALSE
A93: =SUMIF(Recept!D:D,"="&F93,Recept!F:F) -> 0 | B93: FALSE | D93: =IF((A93-C93+(G93*H93))<=0,0,(A93-C93+(G93*H93))) -> 0 | E93: gr | F93: miso pasta | G93: 1 | H93: FALSE
A94: =SUMIF(Recept!D:D,"="&F94,Recept!F:F) -> 0 | B94: FALSE | D94: =IF((A94-C94+(G94*H94))<=0,0,(A94-C94+(G94*H94))) -> 0 | E94: ml | F94: mléko kokosové | G94: 1 | H94: FALSE
A95: =SUMIF(Recept!D:D,"="&F95,Recept!F:F) -> 0 | B95: FALSE | D95: =IF((A95-C95+(G95*H95))<=0,0,(A95-C95+(G95*H95))) -> 0 | E95: gr | F95: pekany | G95: 1 | H95: FALSE
A96: =SUMIF(Recept!D:D,"="&F96,Recept!F:F) -> 0 | B96: FALSE | D96: =IF((A96-C96+(G96*H96))<=0,0,(A96-C96+(G96*H96))) -> 0 | E96: ks | F96: ramen nudle | G96: 1 | H96: FALSE
A97: =SUMIF(Recept!D:D,"="&F97,Recept!F:F) -> 100 | B97: TRUE | D97: =IF((A97-C97+(G97*H97))<=0,0,(A97-C97+(G97*H97))) -> 100 | E97: gr | F97: řasy | G97: 1 | H97: FALSE
A98: =SUMIF(Recept!D:D,"="&F98,Recept!F:F) -> 0 | B98: FALSE | D98: =IF((A98-C98+(G98*H98))<=0,0,(A98-C98+(G98*H98))) -> 0 | E98: gr | F98: sušené ovoce | G98: 1 | H98: FALSE
A99: =SUMIF(Recept!D:D,"="&F99,Recept!F:F) -> 0 | B99: FALSE | F99: Trvanlivé suroviny & Koření | H99: FALSE
A100: =SUMIF(Recept!D:D,"="&F100,Recept!F:F) -> 0 | B100: FALSE | D100: =IF((A100-C100+(G100*H100))<=0,0,(A100-C100+(G100*H100))) -> 0 | E100: ks | F100: bazalka | G100: 1 | H100: FALSE
A101: =SUMIF(Recept!D:D,"="&F101,Recept!F:F) -> 0 | B101: FALSE | D101: =IF((A101-C101+(G101*H101))<=0,0,(A101-C101+(G101*H101))) -> 0 | E101: ks | F101: bobkový list | G101: 1 | H101: FALSE
A102: =SUMIF(Recept!D:D,"="&F102,Recept!F:F) -> 30 | B102: TRUE | D102: =IF((A102-C102+(G102*H102))<=0,0,(A102-C102+(G102*H102))) -> 30 | E102: gr | F102: celozrnná mouka | H102: FALSE
A103: =SUMIF(Recept!D:D,"="&F103,Recept!F:F) -> 0 | B103: FALSE | D103: =IF((A103-C103+(G103*H103))<=0,0,(A103-C103+(G103*H103))) -> 0 | E103: ks | F103: česnek granulovaný | G103: 1 | H103: FALSE
A104: =SUMIF(Recept!D:D,"="&F104,Recept!F:F) -> 0 | B104: FALSE | D104: =IF((A104-C104+(G104*H104))<=0,0,(A104-C104+(G104*H104))) -> 0 | E104: ks | F104: Chlebová mouka | G104: 1 | H104: FALSE
A105: =SUMIF(Recept!D:D,"="&F105,Recept!F:F) -> 0 | B105: FALSE | D105: =IF((A105-C105+(G105*H105))<=0,0,(A105-C105+(G105*H105))) -> 0 | E105: ks | F105: cibule granulovaná | G105: 1 | H105: FALSE
A106: =SUMIF(Recept!D:D,"="&F106,Recept!F:F) -> 0 | B106: FALSE | D106: =IF((A106-C106+(G106*H106))<=0,0,(A106-C106+(G106*H106))) -> 0 | E106: ks | F106: cukr krystal | G106: 1 | H106: FALSE
A107: =SUMIF(Recept!D:D,"="&F107,Recept!F:F) -> 0 | B107: FALSE | D107: =IF((A107-C107+(G107*H107))<=0,0,(A107-C107+(G107*H107))) -> 0 | E107: ks | F107: cukr moučka | G107: 1 | H107: FALSE
A108: =SUMIF(Recept!D:D,"="&F108,Recept!F:F) -> 0 | B108: FALSE | D108: =IF((A108-C108+(G108*H108))<=0,0,(A108-C108+(G108*H108))) -> 0 | E108: ks | F108: cukr třťinový | G108: 1 | H108: FALSE
A109: =SUMIF(Recept!D:D,"="&F109,Recept!F:F) -> 0 | B109: FALSE | D109: =IF((A109-C109+(G109*H109))<=0,0,(A109-C109+(G109*H109))) -> 0 | E109: ks | F109: hladká mouka | G109: 1 | H109: FALSE
A110: =SUMIF(Recept!D:D,"="&F110,Recept!F:F) -> 0 | B110: FALSE | D110: =IF((A110-C110+(G110*H110))<=0,0,(A110-C110+(G110*H110))) -> 0 | E110: ks | F110: hořčice | G110: 1 | H110: FALSE
A111: =SUMIF(Recept!D:D,"="&F111,Recept!F:F) -> 0 | B111: FALSE | D111: =IF((A111-C111+(G111*H111))<=0,0,(A111-C111+(G111*H111))) -> 0 | E111: ks | F111: hořčice | G111: 1 | H111: FALSE
A112: =SUMIF(Recept!D:D,"="&F112,Recept!F:F) -> 0 | B112: FALSE | D112: =IF((A112-C112+(G112*H112))<=0,0,(A112-C112+(G112*H112))) -> 0 | E112: ks | F112: hovězí bujón | G112: 1 | H112: FALSE
A113: =SUMIF(Recept!D:D,"="&F113,Recept!F:F) -> 0 | B113: FALSE | D113: =IF((A113-C113+(G113*H113))<=0,0,(A113-C113+(G113*H113))) -> 0 | E113: ks | F113: hřebíček | G113: 1 | H113: FALSE
A114: =SUMIF(Recept!D:D,"="&F114,Recept!F:F) -> 0 | B114: FALSE | D114: =IF((A114-C114+(G114*H114))<=0,0,(A114-C114+(G114*H114))) -> 0 | E114: ks | F114: hrubá mouka | G114: 1 | H114: FALSE
... A141: =SUMIF(Recept!D:D,"="&F141,Recept!F:F) -> 0 | B141: FALSE | D141: =IF((A141-C141+(G141*H141))<=0,0,(A141-C141+(G141*H141))) -> 0 | E141: ks | F141: vinný ocet | G141: 1 | H141: FALSE
A142: =SUMIF(Recept!D:D,"="&F142,Recept!F:F) -> 0 | B142: FALSE | F142: Nápoje | H142: FALSE
A143: =SUMIF(Recept!D:D,"="&F143,Recept!F:F) -> 0 | B143: FALSE | D143: =IF((A143-C143+(G143*H143))<=0,0,(A143-C143+(G143*H143))) -> 0 | E143: ks | F143: Minerálka | G143: 1 | H143: FALSE
A144: =SUMIF(Recept!D:D,"="&F144,Recept!F:F) -> 0 | B144: FALSE | D144: =IF((A144-C144+(G144*H144))<=0,0,(A144-C144+(G144*H144))) -> 0 | E144: ks | F144: mirin | G144: 1 | H144: FALSE
A145: =SUMIF(Recept!D:D,"="&F145,Recept!F:F) -> 0 | B145: FALSE | D145: =IF((A145-C145+(G145*H145))<=0,0,(A145-C145+(G145*H145))) -> 0 | E145: ks | F145: pitíčko | G145: 1 | H145: FALSE
A146: =SUMIF(Recept!D:D,"="&F146,Recept!F:F) -> 0 | B146: FALSE | D146: =IF((A146-C146+(G146*H146))<=0,0,(A146-C146+(G146*H146))) -> 0 | E146: ks | F146: sake | G146: 1 | H146: FALSE
A147: =SUMIF(Recept!D:D,"="&F147,Recept!F:F) -> 0 | B147: FALSE | D147: =IF((A147-C147+(G147*H147))<=0,0,(A147-C147+(G147*H147))) -> 0 | E147: ks | F147: Víno bílé | G147: 1 | H147: FALSE
A148: =SUMIF(Recept!D:D,"="&F148,Recept!F:F) -> 0 | B148: FALSE | D148: =IF((A148-C148+(G148*H148))<=0,0,(A148-C148+(G148*H148))) -> 0 | E148: ks | F148: Víno červené | G148: 1 | H148: FALSE
...

Sheet Recept
A1: Výběr | B1: Recept | C1: Počet za týden | D1: Surovina 1 | E1: Množství | F1: Calc | G1: Spíž | H1: Recept
B2: Snídaně
A3: FALSE | B3: Musli s banánem | C3: 1 | D3: jogurty | E3: 1 | F3: =IF(A$3=TRUE,E3*C$3,0) -> 0 | G3: =VLOOKUP(D3,Špajz!B:D,2,FALSE) -> 0
D4: banán | E4: 1 | F4: =IF(A$3=TRUE,E4*C$3,0) -> 0 | G4: =VLOOKUP(D4,Špajz!B:D,2,FALSE) -> 0
A5: FALSE | B5: Musli s pomerančem | C5: 1 | D5: jogurty | E5: 1 | F5: =IF(A$5=TRUE,E5*C$3,0) -> 0 | G5: =VLOOKUP(D5,Špajz!B:D,2,FALSE) -> 0
D6: pomeranč | E6: 1 | F6: =IF(A$5=TRUE,E6*C$3,0) -> 0 | G6: =VLOOKUP(D6,Špajz!B:D,2,FALSE) -> 0
A7: FALSE | B7: Musli s jablkem | C7: 1 | D7: jogurty | E7: 1 | F7: =IF(A$7=TRUE,E7*C$3,0) -> 0 | G7: =VLOOKUP(D7,Špajz!B:D,2,FALSE) -> 0
D8: jablko | E8: 1 | F8: =IF(A$7=TRUE,E8*C$3,0) -> 0 | G8: =VLOOKUP(D8,Špajz!B:D,2,FALSE) -> 0
B9: Musli s švestkami | C9: 1 | D9: jogurty | E9: 1 | F9: =IF(A$9=TRUE,E9*C$3,0) -> 0 | G9: =VLOOKUP(D9,Špajz!B:D,2,FALSE) -> 0
D10: švestka | E10: 1 | F10: =IF(A$9=TRUE,E10*C$3,0) -> 0 | G10: =VLOOKUP(D10,Špajz!B:D,2,FALSE) -> 0
A11: FALSE | B11: Musli s hruškou | C11: 1 | D11: jogurty | E11: 1 | F11: =IF(A$11=TRUE,E11*C$3,0) -> 0 | G11: =VLOOKUP(D11,Špajz!B:D,2,FALSE) -> 0
D12: hruška | E12: 1 | F12: =IF(A$11=TRUE,E12*C$3,0) -> 0 | G12: =VLOOKUP(D12,Špajz!B:D,2,FALSE) -> 0
A13: FALSE | B13: Smoothie | C13: 1 | D13: mléko | E13: 200 | F13: =IF(A$13=TRUE,E13*C$13,0) -> 0 | G13: =VLOOKUP(D13,Špajz!B:D,2,FALSE) -> 0
D14: banán | E14: 1 | F14: =IF(A$13=TRUE,E14*C$13,0) -> 0 | G14: =VLOOKUP(D14,Špajz!B:D,2,FALSE) -> 0
D15: mražené ovoce | E15: 100 | F15: =IF(A$13=TRUE,E15*C$13,0) -> 0 | G15: =VLOOKUP(D15,Špajz!B:D,2,FALSE) -> 0
A16: TRUE | B16: Míchaná vejce | C16: 1 | D16: vejce | E16: 3 | F16: =IF(A$16=TRUE,E16*C$16,0) -> 3 | G16: =VLOOKUP(D16,Špajz!B:D,2,FALSE) -> 0
D17: cibule | E17: 1 | F17: =IF(A$16=TRUE,E17*C$16,0) -> 1 | G17: =VLOOKUP(D17,Špajz!B:D,2,FALSE) -> 0
D18: paprika červená | E18: 0.5 | F18: =IF(A$16=TRUE,E18*C$16,0) -> 0.5 | G18: =VLOOKUP(D18,Špajz!B:D,2,FALSE) -> #N/A
D19: okurka | E19: 0.3 | F19: =IF(A$16=TRUE,E19*C$16,0) -> 0.3 | G19: =VLOOKUP(D19,Špajz!B:D,2,FALSE) -> 0
A20: TRUE | B20: Omeleta | C20: 1 | D20: vejce | E20: 3 | F20: =IF(A$20=TRUE,E20*C$20,0) -> 3 | G20: =VLOOKUP(D20,Špajz!B:D,2,FALSE) -> 0
D21: Hrášek v konzervě | E21: 65 | F21: =IF(A$20=TRUE,E21*C$20,0) -> 65 | G21: =VLOOKUP(D21,Špajz!B:D,2,FALSE) -> 0
D22: paprika červená | E22: 0.5 | F22: =IF(A$20=TRUE,E22*C$20,0) -> 0.5 | G22: =VLOOKUP(D22,Špajz!B:D,2,FALSE) -> #N/A
A23: TRUE | B23: Ovesná kaše | C23: 1 | D23: mléko | E23: 200 | F23: =IF(A$23=TRUE,E23*C$23,0) -> 200 | G23: =VLOOKUP(D23,Špajz!B:D,2,FALSE) -> 0
D24: broskev | E24: 1 | F24: =IF(A$23=TRUE,E24*C$23,0) -> 1 | G24: =VLOOKUP(D24,Špajz!B:D,2,FALSE) -> #N/A
D25: mražené ovoce | E25: 100 | F25: =IF(A$23=TRUE,E25*C$23,0) -> 100 | G25: =VLOOKUP(D25,Špajz!B:D,2,FALSE) -> 0
A26: TRUE | B26: Chléb se šunkou | C26: 1 | D26: šunka | E26: 100 | F26: =IF(A$26=TRUE,E26*C$26,0) -> 100 | G26: =VLOOKUP(D26,Špajz!B:D,2,FALSE) -> 0
D27: cherry rajčatka | E27: 100 | F27: =IF(A$26=TRUE,E27*C$26,0) -> 100 | G27: =VLOOKUP(D27,Špajz!B:D,2,FALSE) -> 0
D28: jablko | E28: 1 | F28: =IF(A$26=TRUE,E28*C$26,0) -> 1
D29: pomazánkové máslo | E29: 1 | F29: =IF(A$26=TRUE,E29*C$26,0) -> 1 | G29: =VLOOKUP(D29,Špajz!B:D,2,FALSE) -> 0
A30: TRUE | B30: Musli | C30: 1 | D30: pomeranč | E30: 1 | F30: =IF(A$26=TRUE,E30*C$26,0) -> 1 | G30: =VLOOKUP(D30,Špajz!B:D,2,FALSE) -> 0
D31: jogurty | E31: 1 | F31: =IF(A$26=TRUE,E31*C$26,0) -> 1 | G31: =VLOOKUP(D31,Špajz!B:D,2,FALSE) -> 0
A32: TRUE | B32: Palačinka | C32: 1 | D32: celozrnná mouka | E32: 30 | F32: =IF(A$32=TRUE,E32*C$32,0) -> 30
D33: marmeláda | E33: 20 | F33: =IF(A$32=TRUE,E33*C$32,0) -> 20
D34: banán | E34: 1 | F34: =IF(A$32=TRUE,E34*C$32,0) -> 1
D35: vejce | E35: 1 | F35: =IF(A$32=TRUE,E35*C$32,0) -> 1
D36: chia semínka | E36: 10 | F36: =IF(A$32=TRUE,E36*C$32,0) -> 10
B38: Hlavní jídla
A39: FALSE | B39: Buddhovi misky | C39: 1 | D39: tofu | E39: 150 | F39: =IF(A$39=TRUE,E39*C$39,0) -> 0 | G39: =VLOOKUP(D39,Špajz!B:D,2,FALSE) -> 0
D40: jarní cibulka | E40: 0.5 | F40: =IF(A$39=TRUE,E40*C$39,0) -> 0 | G40: =VLOOKUP(D40,Špajz!B:D,2,FALSE) -> 0
D41: mrkev | E41: 1 | F41: =IF(A$39=TRUE,E41*C$39,0) -> 0 | G41: =VLOOKUP(D41,Špajz!B:D,2,FALSE) -> 0
D42: zázvor | E42: 0.3 | F42: =IF(A$39=TRUE,E42*C$39,0) -> 0 | G42: =VLOOKUP(D42,Špajz!B:D,2,FALSE) -> 0
D43: vejce | E43: 1 | F43: =IF(A$39=TRUE,E43*C$39,0) -> 0 | G43: =VLOOKUP(D43,Špajz!B:D,2,FALSE) -> 0
A44: TRUE | B44: Quesadilla | C44: 1 | D44: mozzarela | E44: 50 | F44: =IF(A$44=TRUE,E44*C$44,0) -> 50 | G44: =VLOOKUP(D44,Špajz!B:D,2,FALSE) -> 0
D45: červená cibule | E45: 0.5 | F45: =IF(A$44=TRUE,E45*C$44,0) -> 0.5
D46: cheddar | E46: 50 | F46: =IF(A$44=TRUE,E46*C$44,0) -> 50 | G46: =VLOOKUP(D46,Špajz!B:D,2,FALSE) -> 0
A47: TRUE | B47: Steak | C47: 4 | D47: hovězí steak | E47: 200 | F47: =IF(A47=TRUE,E47*C$47,0) -> 800 | G47: =VLOOKUP(D47,Špajz!B:D,2,FALSE) -> 0
A48: FALSE | B48: Karbanátky | C48: 4 | D48: mleté maso | E48: 150 | F48: =IF(A$48=TRUE,E48*C$48,0) -> 0 | G48: =VLOOKUP(D48,Špajz!B:D,2,FALSE) -> 0
D49: vejce | E49: 1 | F49: =IF(A$48=TRUE,E49*C$48,0) -> 0 | G49: =VLOOKUP(D49,Špajz!B:D,2,FALSE) -> 0
D50: cibule | E50: 0.5 | F50: =IF(A$48=TRUE,E50*C$48,0) -> 0 | G50: =VLOOKUP(D50,Špajz!B:D,2,FALSE) -> 0
A51: FALSE | B51: Špízy | C51: 4 | D51: eidam v celku | E51: 0.8 | F51: =IF(A$51=TRUE,E51*C$51,0) -> 0 | G51: =VLOOKUP(D51,Špajz!B:D,2,FALSE) -> 0
D52: cibule | E52: 1 | F52: =IF(A$51=TRUE,E52*C$51,0) -> 0 | G52: =VLOOKUP(D52,Špajz!B:D,2,FALSE) -> 0
D53: vepřová kýta | E53: 150 | F53: =IF(A$51=TRUE,E53*C$51,0) -> 0 | G53: =VLOOKUP(D53,Špajz!B:D,2,FALSE) -> 0
A54: FALSE | B54: Losos | C54: 1 | D54: losos | E54: 200 | F54: =IF(A$54=TRUE,E54*C$54,0) -> 0 | G54: =VLOOKUP(D54,Špajz!B:D,2,FALSE) -> 0
D55: zázvor | E55: 0.3 | F55: =IF(A$54=TRUE,E55*C$54,0) -> 0 | G55: =VLOOKUP(D55,Špajz!B:D,2,FALSE) -> 0
D56: jarní cibulka | E56: 0.5 | F56: =IF(A$54=TRUE,E56*C$54,0) -> 0 | G56: =VLOOKUP(D56,Špajz!B:D,2,FALSE) -> 0
A57: TRUE | B57: Ramen | C57: 1 | D57: vejce | E57: 1 | F57: =IF(A$57=TRUE,E57*C$57,0) -> 1 | G57: =VLOOKUP(D57,Špajz!B:D,2,FALSE) -> 0
D58: jarní cibulka | E58: 0.5 | F58: =IF(A$57=TRUE,E58*C$57,0) -> 0.5 | G58: =VLOOKUP(D58,Špajz!B:D,2,FALSE) -> 0
D59: mrkev | E59: 1 | F59: =IF(A$57=TRUE,E59*C$57,0) -> 1 | G59: =VLOOKUP(D59,Špajz!B:D,2,FALSE) -> 0
D60: zázvor | E60: 0.3 | F60: =IF(A$57=TRUE,E60*C$57,0) -> 0.3 | G60: =VLOOKUP(D60,Špajz!B:D,2,FALSE) -> 0
A61: TRUE | B61: Ramen - maso | C61: 4 | D61: vepřová kýta | E61: 150 | F61: =IF(A$61=TRUE,E61*C$61,0) -> 600
A62: FALSE | B62: Průkopnické fazole | C62: 1 | D62: fazole v konzervě | E62: 1 | F62: =IF(A$62=TRUE,E62*C$62,0) -> 0 | G62: =VLOOKUP(D62,Špajz!B:D,2,FALSE) -> 0
D63: eidam v celku | E63: 0.5 | F63: =IF(A$62=TRUE,E63*C$62,0) -> 0 | G63: =VLOOKUP(D63,Špajz!B:D,2,FALSE) -> 0
D64: salám | E64: 50 | F64: =IF(A$62=TRUE,E64*C$62,0) -> 0 | G64: =VLOOKUP(D64,Špajz!B:D,2,FALSE) -> 0
D65: cibule | E65: 1 | F65: =IF(A$62=TRUE,E65*C$62,0) -> 0 | G65: =VLOOKUP(D65,Špajz!B:D,2,FALSE) -> 0
A66: FALSE | B66: Špenátová pizza | C66: 4 | D66: špenát mražený | E66: 200 | F66: =IF(A$66=TRUE,E66*C$66,0) -> 0 | G66: =VLOOKUP(D66,Špajz!B:D,2,FALSE) -> 0
D67: cibule | E67: 0.5 | F67: =IF(A$66=TRUE,E67*C$66,0) -> 0 | G67: =VLOOKUP(D67,Špajz!B:D,2,FALSE) -> 0
D68: šunka | E68: 50 | F68: =IF(A$66=TRUE,E68*C$66,0) -> 0 | G68: =VLOOKUP(D68,Špajz!B:D,2,FALSE) -> 0
D69: eidam v celku | E69: 50 | F69: =IF(A$66=TRUE,E69*C$66,0) -> 0 | G69: =VLOOKUP(D69,Špajz!B:D,2,FALSE) -> 0
D70: celozrnná mouka | E70: 100 | F70: =IF(A$66=TRUE,E70*C$66,0) -> 0
D71: vejce | E71: 1 | F71: =IF(A$66=TRUE,E71*C$66,0) -> 0 | G71: =VLOOKUP(D71,Špajz!B:D,2,FALSE) -> 0
A72: FALSE | B72: Kuře na kari | C72: 4 | D72: mléko kokosové | E72: 142 | F72: =IF(A$72=TRUE,E72*C$72,0) -> 0 | G72: =VLOOKUP(D72,Špajz!B:D,2,FALSE) -> 0
D73: kuřecí prsa | E73: 150 | F73: =IF(A$72=TRUE,E73*C$72,0) -> 0 | G73: =VLOOKUP(D73,Špajz!B:D,2,FALSE) -> 0
D74: rajčatový protlak | E74: 35 | F74: =IF(A$72=TRUE,E74*C$72,0) -> 0 | G74: =VLOOKUP(D74,Špajz!B:D,2,FALSE) -> 0
D75: zázvor | E75: 0.25 | F75: =IF(A$72=TRUE,E75*C$72,0) -> 0 | G75: =VLOOKUP(D75,Špajz!B:D,2,FALSE) -> 0
D76: marmeláda | E76: 10 | F76: =IF(A$72=TRUE,E76*C$72,0) -> 0 | G76: =VLOOKUP(D76,Špajz!B:D,2,FALSE) -> 0
D77: cibule | E77: 0.5 | F77: =IF(A$72=TRUE,E77*C$72,0) -> 0 | G77: =VLOOKUP(D77,Špajz!B:D,2,FALSE) -> 0
A78: FALSE | B78: Tuňákové těstoviny | C78: 1 | D78: tuňák v konzervě | E78: 0.5 | F78: =IF(A$78=TRUE,E78*C$78,0) -> 0 | G78: =VLOOKUP(D78,Špajz!B:D,2,FALSE) -> 0
D79: parmazán | E79: 50 | F79: =IF(A$78=TRUE,E79*C$78,0) -> 0 | G79: =VLOOKUP(D79,Špajz!B:D,2,FALSE) -> 0 | H79: Easy Canned Tuna Pasta (Ready in 15 Minutes!) • Salt & Lavender
E80: 0.5 | F80: =IF(A$78=TRUE,E80*C$78,0) -> 0 | G80: =VLOOKUP(D80,Špajz!B:D,2,FALSE) -> #N/A
D81: cibule | E81: 0.5 | F81: =IF(A$78=TRUE,E81*C$78,0) -> 0 | G81: =VLOOKUP(#REF!,Špajz!B:D,2,FALSE) -> #REF!
G82: =VLOOKUP(D81,Špajz!B:D,2,FALSE) -> 0
A83: FALSE | B83: Vindaloo | C83: 4 | D83: rajčatový protlak | E83: 0.5 | F83: =IF(A$83=TRUE,E83*C$83,0) -> 0
D84: cibule | E84: 0.5 | F84: =IF(A$83=TRUE,E84*C$83,0) -> 0
D85: vepřová kýta | E85: 150 | F85: =IF(A$83=TRUE,E85*C$83,0) -> 0
D86: brambory | E86: 50 | F86: =IF(A$83=TRUE,E86*C$83,0) -> 0
A87: TRUE | B87: Chilli con carne | C87: 4 | D87: mleté maso | E87: 150 | F87: =IF(A$87=TRUE,E87*C$87,0) -> 600
D88: fazole v konzervě | E88: 0.5 | F88: =IF(A$87=TRUE,E88*C$87,0) -> 2
D89: rajčata v konzervě | E89: 0.5 | F89: =IF(A$87=TRUE,E89*C$87,0) -> 2
D90: cibule | E90: 0.5 | F90: =IF(A$87=TRUE,E90*C$87,0) -> 2
D91: rajčatový protlak | E91: 35 | F91: =IF(A$87=TRUE,E91*C$87,0) -> 140
D92: paprika zelená | E92: 0.5 | F92: =IF(A$87=TRUE,E92*C$87,0) -> 2
A93: FALSE
A94: FALSE
A95: FALSE | B95: Slaný štrůdl | C95: 1 | D95: šunka | E95: 200 | F95: =IF(A$95=TRUE,E95*C$95,0) -> 0 | G95: =VLOOKUP(D95,Špajz!B:D,2,FALSE) -> 0
D96: eidam plátkový | E96: 200 | F96: =IF(A$95=TRUE,E96*C$95,0) -> 0 | G96: =VLOOKUP(D96,Špajz!B:D,2,FALSE) -> 0
D97: kyselé zelí bílé | E97: 500 | F97: =IF(A$95=TRUE,E97*C$95,0) -> 0 | G97: =VLOOKUP(D97,Špajz!B:D,2,FALSE) -> 0
D98: listové těsto | E98: 250 | F98: =IF(A$95=TRUE,E98*C$95,0) -> 0 | G98: =VLOOKUP(D98,Špajz!B:D,2,FALSE) -> 0
D99: vejce | E99: 1 | F99: =IF(A$95=TRUE,E99*C$95,0) -> 0 | G99: =VLOOKUP(D99,Špajz!B:D,2,FALSE) -> 0
A100: FALSE | B100: Guláš | C100: 1 | D100: hovězí kližka | E100: 400 | F100: =IF(A$100=TRUE,E100*C$100,0) -> 0 | G100: =VLOOKUP(D100,Špajz!B:D,2,FALSE) -> 0 | H100: Slow Cooker Hungarian Goulash | A Farmgirl's Dabbles
D101: brambory | E101: 4 | F101: =IF(A$100=TRUE,E101*C$100,0) -> 0 | G101: =VLOOKUP(D101,Špajz!B:D,2,FALSE) -> 0
...

Sheet Špajz
A1: Potřeba | B1: Název | C1: Množství
A2: FALSE | B2: Cereálie a sladkosti
A3: FALSE | B3: čokoláda | D3: =IF(A3,C3,0) -> 0
A4: FALSE | B4: musli | D4: =IF(A4,C4,0) -> 0
A5: FALSE | B5: ovesné vločky | D5: =IF(A5,C5,0) -> 0
A6: FALSE | B6: Pečivo | D6: =IF(A6,C6,0) -> 0
A7: FALSE | B7: strouhanka | D7: =IF(A7,C7,0) -> 0
A8: FALSE | B8: Tortilla | D8: =IF(A8,C8,0) -> 0
A9: FALSE | B9: Ovoce & Zelenina | D9: =IF(A9,C9,0) -> 0
A10: FALSE | B10: baby špenát | D10: =IF(A10,C10,0) -> 0
A11: FALSE | B11: banán | D11: =IF(A11,C11,0) -> 0
A12: FALSE | B12: brambory | D12: =IF(A12,C12,0) -> 0
A13: FALSE | B13: brokolice | D13: =IF(A13,C13,0) -> 0
A14: FALSE | B14: červená cibule | D14: =IF(A14,C14,0) -> 0
... A189: FALSE | B189: zelený čaj | D189: =IF(A189,C189,0) -> 0
